板和炒锅老式铁锅家用不粘锅无涂层大炒菜锅平底电磁炉煤气灶专用,板和旗舰店,118.00,900+人付款
商用凹面电磁炉专用锅酒店炒菜锅双耳不锈钢40cm50cm电磁灶铁锅,商厨自营,55.00,700+人付款
张小泉304不锈钢炒锅不粘锅家用蜂窝不粘炒菜锅电磁炉燃气灶通用,张小泉聚焰专卖店,139.00,300+人付款
章丘炒菜锅传统铁锅官方旗舰炒锅不粘锅家用无涂层电磁炉专用2297,苏宁易购官方旗舰店,28.71,6000+人付款
张小泉精铁锅炒菜锅家用无涂层老式不粘锅电磁炉大炒锅燃气灶专用,张小泉官方旗舰店,79.00,2000+人付款
章丘炒菜锅传统铁锅官方旗舰老式炒锅家用不粘锅无涂层燃气灶2297,苏宁易购官方旗舰店,39.40,2万+人付款
卡罗特不粘锅炒锅家用麦饭石炒菜锅平底锅不沾锅电磁炉燃气灶专用,carote卡罗特官方旗舰店,130.00,2万+人付款
苏泊尔不粘锅炒锅家用炒菜锅电磁炉专用燃气煤气灶适用锅具平底锅,supor苏泊尔步鼎专卖店,89.90,2万+人付款
九阳不粘锅炒锅家用电磁炉专用燃气灶煤气灶适用炒菜锅锅具平底锅,九阳厨具旗舰店,69.90,2万+人付款
【重磅首发】苏泊尔不粘锅炒锅家用炒菜锅平底锅加深不沾锅电磁炉,苏泊尔官方旗舰店,139.00,1万+人付款
卡罗特麦饭石不粘锅平底锅牛排煎锅家用炒锅炒菜电磁炉燃气灶专用,carote卡罗特官方旗舰店,107.00,1万+人付款
316不锈钢炒锅蜂窝不粘锅家用炒锅电磁炉燃气灶炒菜锅平底锅,味之享旗舰店,59.00,7000+人付款
九阳不粘锅炒锅家用麦饭石色炒菜锅锅电磁炉燃气灶专用锅具平底锅,九阳官方旗舰店,89.90,1万+人付款
苏泊尔不粘锅家用炒锅304不锈钢蜂窝不粘炒菜锅电磁炉燃气灶通用,supor苏泊尔步鼎专卖店,219.00,1万+人付款
爱仕达大铁锅炒锅家用无涂层炒菜锅老式平底锅燃煤气灶电磁炉可用,爱仕达厨具旗舰店,69.00,7000+人付款
苏泊尔平底锅不粘锅家用麦饭石牛排煎锅不沾炒锅电磁炉煤气灶专用,supor苏泊尔至梵专卖店,109.00,7000+人付款
九阳不粘锅炒锅家用304不锈钢炒菜锅电磁炉煤气灶专用平底锅锅具,九阳厨具旗舰店,139.00,6000+人付款
章丘炒菜锅传统铁锅官方旗舰炒锅家用无涂层不粘锅电磁炉专用平底,味之享旗舰店,34.00,2000+人付款
煎鸡蛋汉堡机不粘小平底家用煎锅早餐蛋堡煎饼锅模具四孔煎蛋神器,香悠悠旗舰店,24.90,6000+人付款
苏泊尔不锈钢炒锅蜂窝不粘锅家用炒锅电磁炉燃气灶炒菜锅平底锅,苏泊尔官方旗舰店,249.00,5000+人付款
中科德马克钛盾无涂层不粘锅家用炒菜锅有钛不锈钢炒锅电磁炉钛锅,dumik中科德马克旗舰店,279.00,5000+人付款
sowe窒化迷你小铁锅炒锅家用无涂层平底不粘锅一人食电磁炉炒菜锅,sowe素味旗舰店,79.00,5000+人付款
麦饭石不粘锅家用炒锅八角炒菜锅不沾平底锅电磁炉专用燃气灶适用,益伟家居旗舰店,37.00,4000+人付款
美的不粘锅炒锅家用炒菜锅电磁炉专用燃气煤气灶锅麦饭石色平底锅,美的炊具旗舰店,69.00,5000+人付款
不锈钢炒锅蜂窝不粘锅家用平底电磁炉炒菜锅专用煤气燃气灶无涂层,天天特卖工厂店,29.00,4000+人付款
耐磨王麦饭石不粘锅炒锅平底家用无油烟炒菜锅电磁炉燃气灶专用,sowe素味旗舰店,268.00,4000+人付款
九阳不粘锅炒锅家用炒菜锅具不沾燃气灶煤气灶电磁炉通用平底锅,九阳官方旗舰店,159.00,4000+人付款
【重磅首发】苏泊尔轻量火红点不粘炒锅家用炒菜锅通用平底煎炒锅,苏泊尔炊具旗舰店,388.00,3000+人付款
德国不粘锅炒锅家用304不锈钢炒菜锅电磁炉煤气灶专用平底锅锅具,洁琼旗舰店,89.00,3000+人付款
康巴赫炒锅家用铁锅麦饭石色锅电磁炉燃气灶专用防锈炒菜锅三件套,康巴赫官方旗舰店,600.00,3000+人付款
316不锈钢泼油小锅小油锅铁锅迷你浇淋油勺煎蛋榨热油专用锅神器,香悠悠旗舰店,7.90,3000+人付款
爱仕达不粘锅炒锅电磁炉煤气灶专用家用多功能炒菜锅锅具平底锅,爱仕达厨具旗舰店,79.00,3000+人付款
章丘炒菜锅传统铁锅官方平底老式炒锅家用不粘锅无涂层燃气灶适用,天天特卖工厂店,49.00,3000+人付款
陶土麦饭石不粘锅炒锅平底家用无油烟微压炒菜锅电磁炉燃气灶专用,安利那旗舰店,89.00,3000+人付款
直播间6号特价外贸尾货孤品不粘汤锅炒锅煎锅奶锅辅食锅进口涂层,小燕子飞啊分店,78.00,3000+人付款
康巴赫六代红点双蜂窝不粘锅家用不锈钢炒锅电磁炉燃气灶专用炒菜,康巴赫官方旗舰店,649.00,3000+人付款
苏泊尔不粘锅炒锅家用电磁炉专用燃气灶适用炒菜锅具少油烟平底锅,苏泊尔炊具旗舰店,116.00,3000+人付款
Velosan煎锅不粘锅家用平底锅煎蛋牛排煎炒锅电磁炉燃气灶通适用,velosan旗舰店,118.00,2000+人付款
德国麦饭石不粘锅家用炒锅八角锅平底炒菜锅不沾燃气灶电磁炉专用,kiwicoo旗舰店,169.00,2000+人付款
苏泊尔炒锅不粘锅家用304不锈钢蜂窝不沾炒菜锅电磁炉燃气灶专用,苏泊尔青凰专卖店,249.00,2000+人付款
【双枪严选】旋压铁锅家用炒菜锅无涂层炒锅不粘锅燃气灶熟铁防锈,suncha双枪旗舰店,79.00,2000+人付款
炊大皇不脏锅不粘锅平底锅牛排煎锅家用炒锅炒菜电磁炉燃气灶适用,炊大皇官方旗舰店,179.00,3000+人付款
中康铁锅深氮化防锈家用炒菜锅无涂层不粘章丘老铁锅电磁燃气通用,中康旗舰店,369.00,2000+人付款
麦饭石不粘锅炒锅铁锅家用炒菜锅电磁炉锅具平底锅燃气煤气灶专用,银爵旗舰店,29.90,2000+人付款
苏泊尔家用四孔早餐锅煎鸡蛋汉堡机平底锅不粘锅小煎饼锅煎蛋神器,supor苏泊尔至梵专卖店,99.00,2000+人付款
麦饭石不粘锅平底锅家用不沾炒锅电磁炉炒菜锅煤气燃气灶专用煎锅,梦创旗舰店,34.90,2000+人付款
日式迷你小铁锅家用炒锅不粘锅无涂层平底炒菜锅一人食电磁炉适用,kiwicoo旗舰店,88.00,2000+人付款
韩国麦饭石锅八角不粘锅炒锅家用炒菜平底锅电磁炉燃气专用麦石锅,韩国宝店,88.00,2000+人付款
章丘手工铁锅官方旗舰炒菜锅老式家用无涂层不粘锅燃气灶适用轻便,味否厨具企业店,218.00,1000+人付款
板和炒锅老式铁锅家用不粘锅无涂层大炒菜锅平底电磁炉煤气灶专用,板和旗舰店,118.00,900+人付款
章丘老式铁锅炒锅家用炒菜不粘锅官方旗舰店无涂层燃气灶用手工锅,冀康铁匠厨具旗舰店,178.00,700+人付款
商用老式加厚无涂层双耳熟铁大铁锅家用不粘锅柴火灶燃煤气灶适用,王家铁匠店,16.00,2000+人付款
中科极铁锅不粘锅家用炒菜锅电磁炉燃气灶专用熟铁无涂层老式铁锅,dumik中科德马克旗舰店,199.00,2000+人付款
麦饭石平底锅不粘锅家用炒锅牛排煎锅煎蛋饼油炸电磁炉燃气灶专用,梦创旗舰店,38.00,2000+人付款
树可迷你小铁锅家用无涂层炒锅不粘锅一人食婴儿宝宝辅食儿童宿舍,树可旗舰店,99.00,2000+人付款
卡特马克八角锅不粘锅家用炒菜锅麦饭石色煎炒锅煤气灶电磁炉专用,卡特马克旗舰店,369.00,2000+人付款
老式手工锻打铁锅炒锅无涂层章丘不粘平底家用燃气电磁炉专用炒菜,高大锤旗舰店,169.00,2000+人付款
三禾0涂层不粘炒锅无涂层无油烟家用炒菜锅不锈钢钛锅锅具,sanho三禾旗舰店,650.00,2000+人付款
苏泊尔不粘锅炒锅家用炒菜锅不沾电磁炉专用燃气灶适用锅具平底锅,苏泊尔美果专卖店,122.00,2000+人付款
麦饭石炒锅不粘锅燃气灶电磁炉专用加厚家用炒菜锅煤气灶通用920C,苏宁易购官方旗舰店,58.90,1万+人付款
铁锅官方旗舰炒菜锅手工章丘老式炒锅家用不粘锅无涂层燃气灶适用,味之享旗舰店,31.90,1万+人付款
麦饭石不粘锅平底锅家用炒锅牛排煎锅炒菜电磁炉燃气灶专用2297,苏宁易购官方旗舰店,53.46,9000+人付款
卡罗特煎鸡蛋汉堡机平底锅不粘锅家用四孔早餐锅煎蛋神器小煎饼锅,carote卡罗特官方旗舰店,64.00,5000+人付款
卡罗特麦饭石不粘锅炒锅家用炒菜锅锅电磁炉燃气灶专用锅具平底锅,carote卡罗特官方旗舰店,152.00,5000+人付款
九阳大铁锅炒锅家用炒菜锅老式燃气灶适用煤气灶专用无涂层不粘锅,九阳厨具旗舰店,49.90,5000+人付款
sowe微压鲸鱼炒锅无涂层有钛不粘锅家用炒菜锅燃气灶专用平底锅,sowe素味旗舰店,369.00,3000+人付款
不粘锅平底锅班戟锅牛排煎锅千层饼蛋糕皮专用小煎蛋早餐锅煎饼锅,香悠悠旗舰店,17.80,2000+人付款
康巴赫五代蜂窝不粘锅家用抗菌不锈钢炒锅电磁炉燃气灶专用炒菜锅,康巴赫官方旗舰店,679.00,2000+人付款
康巴赫不锈钢平底锅不粘锅家用蛋牛排煎锅电磁炉燃气灶专用炒菜锅,康巴赫官方旗舰店,349.00,2000+人付款
Velosan煎锅不粘锅家用平底锅煎蛋牛排煎炒锅电磁炉燃气灶通适用,velosan旗舰店,129.00,2000+人付款
sowe麦饭石不粘锅小炒锅炒菜家用平底不沾煎炒锅电磁炉燃气灶适用,sowe素味旗舰店,139.00,2000+人付款
章丘老式炒锅传统铁锅家用无涂层炒菜锅不粘锅燃气灶电磁炉通用,天天特卖工厂店,32.90,2000+人付款
九阳平底锅不粘锅煎锅家用小煎饼煎蛋烙饼牛排电磁炉燃气灶通适用,九阳厨具旗舰店,89.00,2000+人付款
316不锈钢泼油小锅小油锅铁锅迷你浇淋油勺煎蛋榨热油专用锅神器,天天特卖工厂店,9.80,2000+人付款
炊大皇麦饭石色不粘锅家用炒锅电磁炉炒菜锅煤气燃气灶适用平底锅,炊大皇官方旗舰店,199.00,2000+人付款
炊大皇麦饭石平底锅不粘锅家用煤气灶煎牛排煎蛋煎饼锅炒锅深煎锅,炊大皇官方旗舰店,89.00,2000+人付款
苏泊尔平底锅不粘锅家用麦饭石炒锅煎饼蛋牛排煎锅燃气电磁炉通用,苏泊尔汇田专卖店,119.00,1000+人付款
卡特马克甜甜圈家用炒锅麦饭石不粘锅搪瓷珐琅炒菜锅煎炒锅蒸锅,卡特马克旗舰店,229.00,2000+人付款
红厨陶瓷岩平底锅不粘锅家用小煎锅专用非麦饭石电磁炉聚油煎蛋锅,redchef旗舰店,159.00,1000+人付款
炊大皇炒锅32cm不粘锅无平底炒菜锅明火电磁炉通用家用无烟锅锅具,天猫超市,99.90,1000+人付款
苏泊尔不粘锅炒锅家用麦饭石炒菜锅电磁炉燃气灶煤气灶适专用平底,supor苏泊尔步鼎专卖店,169.00,2000+人付款
不粘锅炒锅家用304不锈钢蜂窝炒菜锅电磁炉煤气灶专用平底锅锅具,梦创旗舰店,99.00,1000+人付款
苏美冠麦饭石不粘锅炒锅家用炒菜锅八角锅电磁炉煤气灶专用平底锅,苏美冠居家日用旗舰店,149.00,1000+人付款
德国不粘锅炒锅家用316不锈钢炒菜锅电磁炉煤气灶专用平底锅锅具,安利那旗舰店,79.00,1000+人付款
Velosan麦饭石不粘锅家用炒锅炒菜平底锅无油烟电磁炉燃气灶专用,velosan旗舰店,399.00,1000+人付款
新款热油小锅泼油铸铁煎蛋锅不粘平底锅蛋饺锅迷你小铁锅煎蛋神器,和迎松,9.80,1000+人付款
一体电炒锅多功能炒菜蒸煮锅家用宿舍煮菜小型不粘锅插电1-2人3-4,权二律企业店,28.80,1000+人付款
铸铁锅牛排煎锅早餐专用条纹煎牛排锅无涂层家用电磁炉平底不粘锅,tangguifei旗舰店,34.90,1000+人付款
苏泊尔316L不锈钢炒锅不粘锅蜂窝家用炒菜平底锅电磁炉燃气灶通用,苏泊尔沃克尔专卖店,309.00,1000+人付款
老式双耳炒菜锅家用不粘锅圆底炒锅真不锈大铁锅无涂层煤气灶专用,理梦liyh,65.00,1000+人付款
苏泊尔平底锅家用麦饭石不粘锅炒锅小煎饼锅牛排锅电磁炉不沾煎锅,supor苏泊尔至梵专卖店,149.00,1000+人付款
中福铁锅陆川炒菜锅家用无涂层生铁铸铁不粘炒锅燃气电磁炉已开锅,中福厨具旗舰店,239.00,1000+人付款
苏泊尔麦饭石不粘锅家用炒锅电磁炉平底炒菜锅专用不沾煎锅燃气灶,活宝_漫步,129.00,200+人付款
微瑕日本熟铁锅 旋压锻造炒锅 无涂层不粘锅老式家用燃气灶炒菜锅,tb694582275654,75.10,200+人付款
张小泉304不锈钢炒锅不粘锅家用蜂窝不粘炒菜锅电磁炉燃气灶通用,张小泉聚焰专卖店,139.00,300+人付款
苏泊尔麦饭石色不粘锅炒锅平底家用无油烟炒菜锅,苏泊尔炊具旗舰店,305.00,1000+人付款
苏泊尔有钛无涂层不粘炒锅家用不粘锅正品电磁炉燃气灶专用炒菜锅,苏泊尔炊具旗舰店,739.00,1000+人付款
家用不粘锅炒锅多功能无烟锅具电磁炉燃气灶适用炒菜锅平底锅铁锅,网游销售者,14.90,1000+人付款
红厨陶瓷岩不粘锅平底锅牛排小煎锅家用炒锅炒菜电磁炉燃气灶专用,红厨厨具旗舰店,159.00,1000+人付款
onlycook无涂层铸铁锅牛排锅煎牛排专用锅套装平底锅家用牛扒煎锅,onlycook旗舰店,52.00,1000+人付款
麦饭石不粘锅家用炒锅电磁炉炒菜锅燃气灶专用不沾加深煎炒平底锅,彪龙厨具旗舰店,109.00,1000+人付款
不粘锅炒锅家用不锈钢炒菜锅燃气灶适用电磁炉专用平底锅无油烟,dumik中科德马克旗舰店,289.00,1000+人付款
正宗章丘纯手工铁锅黑锅官方旗舰店老式炒菜锅不粘锅家用锻打正品,康佰士中国,128.00,1000+人付款
苏泊尔炒锅铸铁锅家用炒菜锅大平底老式无涂层圆底煤气燃气灶适用,苏泊尔汇田专卖店,99.00,1000+人付款
日本mosh不粘煎锅平底锅牛排锅便携收纳煎饼锅,mosh旗舰店,278.00,1000+人付款
麦饭石不粘锅家用炒锅八角炒菜锅不沾平底锅电磁炉专用燃气灶适用,洁琼旗舰店,59.00,1000+人付款
苏泊尔不粘锅炒锅家用老式平底炒菜锅电磁炉煤气灶专用少油烟煎锅,苏泊尔官方旗舰店,179.00,1000+人付款
麦饭石不粘锅炒锅家用炒菜锅不沾平底煎锅具电磁炉专用燃气灶通用,彪龙厨具旗舰店,109.00,1000+人付款
加厚煎饼锅双耳铸铁平底锅无涂层鏊子手抓饼生铁家用烙饼锅不粘锅,tangguifei旗舰店,32.90,1000+人付款
麦饭石不粘锅炒锅家用电磁炉通用平底锅炒菜锅煤气灶专用燃气适用,洁琼旗舰店,59.00,1000+人付款
加厚老式铁锅加深平底炒菜锅家用双耳铸铁炒锅电磁炉专用不粘大锅,tb458476054,149.00,1000+人付款
英国明爵煎鸡蛋汉堡机平底锅不粘锅家用煎锅早餐锅煎蛋神器煎饼锅,明爵旗舰店,35.00,1000+人付款
美的次锫蠓故色不粘锅炒锅家用燃气灶煤气电磁炉炒菜锅具平底锅,美的官方旗舰店,89.00,1000+人付款
苏泊尔平底锅不粘锅家用煎锅电磁炉专用煎蛋锅煎饼锅煤气灶小煎锅,苏泊尔辰越专卖店,99.00,1000+人付款
德国WMF平底锅不粘锅麦饭石色煎锅家用牛排煎锅煎蛋燃气灶适用,wmf旗舰店,509.00,1000+人付款
蜂窝小炒锅不粘锅家用不沾炒菜锅平底锅电磁炉煤气燃气灶专用920Y,苏宁易购官方旗舰店,38.90,6000+人付款
章丘炒菜锅传统铁锅官方旗舰老式炒锅家用不粘锅无涂层燃气灶356,苏宁易购官方旗舰店,29.40,6000+人付款
卡罗特麦饭石平底锅不粘锅家用牛排煎锅煎饼锅煎蛋锅烙饼锅电磁炉,carote卡罗特官方旗舰店,99.00,3000+人付款
九阳麦饭石色不粘锅家用炒锅电磁炉燃气灶煤气灶炒菜专用平底锅具,九阳厨具旗舰店,118.00,2000+人付款
九阳麦饭石色不粘锅炒锅家用炒菜电磁炉专用燃气煤气灶适用平底锅,九阳厨具旗舰店,119.00,1000+人付款
新款热油小锅泼油铸铁煎蛋神器不粘平底蛋饺锅迷你小铁锅煎蛋锅,妈妈厨房健康厨具,16.80,1000+人付款
卡罗特麦饭石煎蛋锅平底锅小煎锅迷你不粘锅小锅煎蛋神器宝宝辅食,carote卡罗特官方旗舰店,44.00,1000+人付款
章丘传统铁锅家用无涂层平底锅不粘锅炒菜锅电磁炉燃气灶适用锅,迪洛图旗舰店,39.90,1000+人付款
麦饭石不粘锅炒锅家用电磁炉专用燃气灶煤气灶适用炒菜锅具平底锅,天天特卖工厂店,24.90,1000+人付款
苏泊尔不粘锅家用炒锅八角炒菜锅不沾平底煎炒锅煤气灶电磁炉专用,苏泊尔汇田专卖店,259.00,1000+人付款
苏泊尔不粘锅炒锅家用平底锅电磁炉专用不沾炒菜锅旗舰店燃气灶用,苏泊尔辰越专卖店,169.00,1000+人付款
红厨陶瓷岩白陶锅家用炒锅电磁炉燃气灶专用非无涂层不粘锅炒菜锅,redchef旗舰店,379.00,1000+人付款
正宗章丘老式平底铁锅家用不粘炒菜锅无涂层电磁炉燃煤气灶铁煎锅,tb773710946,89.00,1000+人付款
英国明爵鹅卵石不粘锅炒锅家用平底炒菜珐琅炒锅少烟电磁炉灶通用,明爵旗舰店,129.00,1000+人付款
炊大皇家用32/34cm不锈钢多层钢炒锅电磁炉煤气灶专用炒菜无油烟,天猫超市,159.90,1000+人付款
苏泊尔不粘锅炒锅麦饭石家用炒菜锅电磁炉燃气灶煤气灶专用平底,supor苏泊尔步鼎专卖店,309.00,1000+人付款
XMAN+出口日本平底锅家用铁锅煎蛋锅平底煎盘煎锅外贸库存微瑕疵,极炫小满,35.00,1000+人付款
德国无油烟不粘锅炒锅304不锈钢家用无涂层炒菜锅电磁炉燃气适用,优洽旗舰店,99.00,1000+人付款
小不粘锅煎蛋迷你平底锅无油烟铸铁锅烙饼电磁炉小炒锅燃气炉通用,宇通chuju,9.90,1000+人付款
德国麦饭石不粘锅炒锅家用炒菜锅燃气灶专用电磁炉适用锅具平底锅,迈赫德旗舰店,248.00,1000+人付款
正宗章丘铁锅官方旗舰店手工锻打正品无涂层老式不粘锅家用炒菜锅,山东手工章丘铁锅,106.00,1000+人付款
苏泊尔麦饭石不粘锅家用炒锅电磁炉平底炒菜锅专用不沾煎锅燃气灶,活宝_漫步,129.00,200+人付款
凹面商用电磁炉专用家用铁锅电磁灶家用双耳,雪菲化妆品有限公司,69.00,10人付款
康巴赫旗舰店小炒锅不粘锅炒菜小型家用2人,成弘商铺,123.60,1人付款
炊大皇泼油热油小锅迷你煎锅304不锈钢煎蛋饺神器淋油专用小铁锅,炊大皇官方旗舰店,59.00,1000+人付款
章丘手工铁锅无涂层圆底大铁锅不粘锅家用炒菜锅双耳商用炒锅,味之享旗舰店,45.00,500+人付款
红厨钛天然不粘锅陶瓷炒锅家用炒菜锅平底锅电磁炉非麦饭石无涂层,红厨厨具旗舰店,349.00,1000+人付款
康巴赫旗舰第五代蜂窝不锈钢炒锅防粘锅炒菜锅燃气灶通用礼盒装,天猫超市,598.00,1000+人付款
电炒锅多功能一体炒菜蒸煮锅家用宿舍煮菜小型不粘锅插电1-2人3-4,端约旗舰店,58.90,1000+人付款
麦饭石不粘锅炒锅家用电磁炉煤气灶专用燃气适用平底无油烟炒菜锅,sowe素味旗舰店,168.00,1000+人付款
平底锅煎蛋锅麦饭石小锅家用热油泼油牛排煎锅专用迷你铁锅不粘锅,天天特卖工厂店,10.80,1000+人付款
德国三头鹰无涂层钛锅不粘锅电磁炉燃气纯钛炒锅多功能家用炒菜锅,三头鹰厨具旗舰店,1599.00,1000+人付款
苏泊尔不粘锅炒锅家用电磁炉炒菜锅专用不沾平底燃气灶煤气灶锅子,supor苏泊尔至梵专卖店,169.00,1000+人付款
加厚老式铸铁大号加深炒锅电磁炉专用双耳铁锅大锅平底炒菜锅家用,tb609957877,98.00,1000+人付款
九阳不粘锅炒锅家用电磁炉专用燃气灶煤气灶适用炒菜锅锅具平底锅,九阳厨房电器旗舰店,79.90,1000+人付款
康巴赫旗舰不锈钢家用蜂窝炒锅电磁炉煤气炉通用防粘锅炒菜锅,天猫超市,428.00,1000+人付款
多功能麦饭石不粘锅炒锅家用平底炒菜锅无油烟电磁炉燃气灶专用,dumik中科德马克旗舰店,268.00,1000+人付款
苏泊尔平底锅不粘锅煎锅家用炒锅煎饼千层锅具电磁炉燃气通用,苏泊尔汇田专卖店,75.00,1000+人付款
Faber不粘锅Faber不粘煎锅Faber辅食煎锅麦饭石炒锅煎炒锅电磁炉,tb6657013061,89.00,1000+人付款
双枪奶盖锅炒菜铁锅家用无涂层煤气灶通用平底不粘煎炒锅炒菜锅轻,suncha双枪旗舰店,139.00,1000+人付款
sowe红点不锈钢炒锅不粘锅家用平底无油烟炒菜锅电磁炉燃气灶专用,sowe素味旗舰店,198.00,1000+人付款
无涂层大铁锅老式炒锅家用燃气灶章丘电磁炉专用炒菜锅不粘平底,汉培家居旗舰店,79.00,1000+人付款
韩国麦饭石不粘锅炒锅家用原装进口煤气灶专用家用不沾麦饭石锅,ioo宝贝ooo,139.00,1000+人付款
老式生铁锅铸铁炒锅家用无涂层手工不粘锅圆底电磁炉燃气灶炒菜锅,tb874930668,29.80,1000+人付款
正品炒菜锅传统老式铁锅官方旗舰锻打家用炒锅不粘锅平底锅锅具,苏美冠居家日用旗舰店,168.00,1000+人付款
楚平中式捶打铁锅炒锅家用炒菜无涂层不粘锅燃气灶电磁炉专用正品,楚平旗舰店,49.90,1000+人付款
苏泊尔平底锅不粘锅家用煎锅煤气灶煎饼锅牛排煎蛋锅电磁炉通适用,supor苏泊尔步鼎专卖店,89.00,1000+人付款
生铁煎锅加厚铸铁平底锅铁锅电磁炉专用燃气灶适用老式家用不粘锅,厨时代旗舰店,31.00,900+人付款
电磁炉专用平底炒锅炒菜锅家用锅无涂层老式铁锅圆底煤燃气灶适用,佳长168,25.80,1000+人付款
炒锅手工铁锅不粘锅圆底煤气灶电磁炉专用燃气灶适用家用老式炒菜,博元诚旭家居专营店,38.00,900+人付款
老式铁锅炒锅家用炒菜锅煤气灶适用加厚大马勺饭店商用厨师专用锅,城鑫精品店,19.00,900+人付款
韩国进口正品Kitchen art麦饭石不粘锅家用燃气灶电磁炉通用炒锅,韩尚初幕,139.00,900+人付款
江油宏江第三代燃气家用圆底平底老式生铁锅铸铁锅炒锅无涂层不粘,陈今墨,205.00,900+人付款
板和炒锅老式铁锅家用不粘锅无涂层大炒菜锅平底电磁炉煤气灶专用,板和旗舰店,118.00,900+人付款
爱仕达平底锅聚油不凸底不粘锅煎锅麦饭石色煎牛排家用炒锅电磁炉,爱仕达厨具旗舰店,119.00,900+人付款
不锈钢锅炒锅商用饭店厨师大锅家用特大号煤气灶专用双耳炒菜锅,宣润家居专营店,40.00,900+人付款
麦饭石不粘锅家用炒锅八角炒菜锅不沾平底锅电磁炉专用燃气灶2297,苏宁易购官方旗舰店,67.32,3000+人付款
麦饭石不粘锅平底锅家用不沾炒锅电磁炉炒菜锅煤气燃气灶专用2297,苏宁易购官方旗舰店,36.53,3000+人付款
九阳316L不锈钢炒锅家用不粘锅炒菜锅电磁炉煤气灶专用平底锅锅具,九阳厨具旗舰店,169.00,2000+人付款
九阳大铁锅炒锅家用炒菜锅老式燃气灶适用煤气灶专用无涂层不粘锅,九阳厨具旗舰店,99.00,1000+人付款
热油小锅泼油铸铁煎蛋神器无涂层不粘平底锅专用蛋饺锅迷你小铁锅,如果是这样65,8.60,1000+人付款
炊大皇304不锈钢炒锅燃气灶适用电磁炉专用家用炒菜平底锅不粘锅,炊大皇官方旗舰店,179.90,1000+人付款
麦饭石不粘平底锅家用不沾炒菜锅电磁炉炒锅煤气燃气灶专用无油烟,天天特卖工厂店,16.90,1000+人付款
日本GOLI无涂层纯钛锅炒菜锅不粘锅具小炒锅超轻便家用燃气煤气灶,goli旗舰店,658.00,900+人付款
Tefal/特福不粘煎锅平底锅牛排煎锅家用红点煎饼锅燃气电磁炉通用,tefal特福旗舰店,288.00,900+人付款
苏泊尔麦饭石不粘锅家用炒锅电磁炉平底炒菜锅专用不沾煎锅燃气灶,活宝_漫步,129.00,200+人付款
微瑕日本熟铁锅 旋压锻造炒锅 无涂层不粘锅老式家用燃气灶炒菜锅,tb694582275654,75.10,200+人付款
章丘手工铁锅炒锅无涂层炒菜锅锻打锅物理不粘锅燃气灶电磁炉锅具,舍德旗舰店,88.00,41人付款
炊大皇炒锅不粘锅家用炒菜锅煎锅电磁炉燃气煤气灶适用平底锅,天猫超市,129.00,900+人付款
九铸生铁锅深炒锅老式铁锅家用不粘锅平底炒菜锅煤气灶电磁炉专用,九铸旗舰店,128.00,900+人付款
德国WMF福腾宝麦饭石色不粘锅炒锅家用平底炒菜锅电磁炉燃气专用,wmf旗舰店,429.00,1000+人付款
日式迷你小铁锅家用无涂层炒锅电磁炉炒菜锅不粘锅一人食宝宝辅食,花半岛旗舰店,39.00,900+人付款
滕州铁锅梁氏父子双耳老式手工炒锅生铁无涂层家用铸铁圆底大铁锅,tb_9053160,108.00,900+人付款
九阳不粘锅平底锅牛排煎锅家用炒锅炒菜电磁炉燃气灶通用官方正品,九阳官方旗舰店,59.00,900+人付款
XMAN+库存外贸铁锅家用炒锅电磁炉平底物理不粘锅微瑕品 出口日本,极炫小满,45.00,1000+人付款
四川江油宏江铁锅家用炒菜生铁锅燃气灶传统无涂层铸铁炒锅不粘锅,宏江旗舰店,175.00,900+人付款
不锈钢深煎锅煎炒两用不粘平底锅不粘锅燃气灶适用家用煎蛋煎饼锅,dumik中科德马克旗舰店,229.00,900+人付款
荣事达316不锈钢炒锅不粘锅家用炒菜锅电磁炉煤气灶专用平底锅具,荣事达唐驿卓专卖店,99.00,900+人付款
爱仕达不粘锅炒锅30cm家用少油烟炒菜锅明火燃气灶电磁炉通用锅具,天猫超市,99.00,800+人付款
美的大铁锅家用炒菜锅炒锅老式燃气灶精铁煤气灶无涂层防锈不粘锅,美的炊具旗舰店,79.00,800+人付款
苏泊尔平底锅不粘锅家用火红点聚油牛排煎饼锅燃气电磁炉通用煎锅,苏泊尔炊具旗舰店,199.00,800+人付款
德国SSGP不粘锅家用蓝钻麦饭石不沾锅燃气灶电磁炉圆底炒菜锅炒锅,ssgp叁肆钢旗舰店,165.00,800+人付款
手工锻打铁锅家用锤纹炒锅无涂层不粘锅平底锅电磁炉燃气灶通用锅,天天特卖工厂店,26.00,800+人付款
商用加厚双耳大铁锅家用老式熟铁炒锅无涂层凹型电磁炉柴火炉适用,家用商用铁锅,24.00,800+人付款
卡特马克甜甜圈家用不粘锅搪瓷珐琅炒菜锅轻量煎炒锅电磁炉燃气灶,卡特马克旗舰店,179.00,800+人付款
爱仕达炒锅不粘锅家用麦饭石色炒菜锅平底锅电磁炉燃气煤气灶适用,爱仕达旭美专卖店,79.00,800+人付款
卡罗特平底锅不粘锅麦饭石牛排煎锅家用炒锅炒菜电磁炉燃气灶专用,carote卡罗特官方旗舰店,76.00,800+人付款
苏泊尔不粘锅炒锅家用麦饭石平底锅炒菜锅不沾锅电磁炉燃气灶专用,苏泊尔沃摩专卖店,149.00,800+人付款
铁锅炒锅不粘锅无涂层煤气灶专用饭店商用纯章丘老式大炒菜锅家用,味之享旗舰店,55.00,400+人付款
贝尔图平底锅不粘锅家用深煎锅炒锅煎牛排煎饼锅电磁炉煤气灶不沾,贝尔图旗舰店,418.00,800+人付款
苏泊尔铁锅炒锅家用铸铁炒菜锅老式无涂层大铁锅燃气电磁炉专用,supor苏泊尔步鼎专卖店,99.00,800+人付款
苏泊尔火红点无油烟不粘锅电磁炉燃气灶通用炒菜锅家用炒锅,苏泊尔官方旗舰店,339.00,800+人付款
三禾0涂层微纳不粘炒锅无涂层无油烟家用炒菜锅不锈钢锅具,sanho三禾旗舰店,669.00,800+人付款
炊大皇不脏锅不锈钢不粘锅炒锅家用燃气灶电磁炉炒菜锅专用平底锅,炊大皇官方旗舰店,349.00,900+人付款
懒米抱抱锅麦饭石不粘锅家用炒锅电磁炉专用煤气燃气灶适用炒菜锅,懒米旗舰店,310.00,800+人付款
炒菜锅传统锅具套装铁锅老式炒锅家用不粘锅平底锅燃气灶适用,sowe素味旗舰店,268.00,800+人付款
炒锅不粘锅家用平底锅电磁炉专用一两人用小型炒菜锅燃煤气灶适用,wl1314ll,69.90,800+人付款
老式大号双耳铁锅家用铸铁炒锅圆底炒菜锅大锅不粘煤气燃气灶适用,杨少6665213,168.00,800+人付款
加厚煎饼锅双耳铸铁平底锅无涂层鏊子手抓饼生铁家用烙饼锅不粘锅,妈妈厨房健康厨具,32.90,800+人付款
苏泊尔煎鸡蛋汉堡机平底锅不粘锅家用四孔早餐锅煎蛋神器小煎饼锅,苏泊尔载亿专卖店,119.00,800+人付款
凹面电磁炉专用锅不锈钢酒店炒菜锅5060cm商用电磁灶燃气通用炒锅,华道节能大功率商用电磁炉,58.00,700+人付款
铸铁平底锅不沾锅无涂层木柄牛排煎锅烙饼锅燃气通用铁锅老式煎锅,tangguifei旗舰店,29.90,700+人付款
传统老式生铁锅炒锅无涂层不粘锅农村家用铸铁平底燃气灶炒菜锅具,膳福记旗舰店,73.00,700+人付款
velosan温仑山鹅卵石不粘锅炒菜锅家用平底陶瓷锅具套装炉灶通用,velosan家居海外旗舰店,499.00,700+人付款
炊大皇不粘锅炒锅平底34/36cm炒勺家用燃气灶适用大号无烟炒菜锅,炊大皇炊之王专卖店,129.00,700+人付款
凹型灶凹式凹面电磁炉专用炒菜锅316不锈钢炒锅不粘锅家用圆底锅,tb996436986,108.00,900+人付款
苏泊尔炒锅铁锅搪瓷锅家用炒菜锅圆底老式轻便女士无涂层煤气专用,环强家居专营店,69.00,700+人付款
XMAN+库存32CM圆底炒锅 燃气灶专用家用老铁锅 只有1500个 微瑕品,极炫小满,39.90,700+人付款
Velosan温仑山不粘锅炒锅家用麦饭石炒菜锅陶瓷鹅卵石电磁燃气用,velosan旗舰店,599.00,700+人付款
苏泊尔麦饭石不粘锅家用炒锅电磁炉平底炒菜锅专用不沾煎锅燃气灶,活宝_漫步,129.00,200+人付款
微瑕日本熟铁锅 旋压锻造炒锅 无涂层不粘锅老式家用燃气灶炒菜锅,tb694582275654,75.10,200+人付款
张小泉精铁锅炒菜锅家用无涂层老式不粘锅电磁炉大炒锅燃气灶专用,张小泉官方旗舰店,79.00,2000+人付款
正品章丘铁锅官方旗舰家用炒菜锅传统老式手工无涂层不粘锅熟铁锅,tb118812345,49.00,700+人付款
麦饭石不粘锅家用炒菜锅炒锅铁锅电磁炉适用平底锅燃气煤气灶专用,银爵旗舰店,29.90,700+人付款
爱仕达麦饭石炒锅不粘锅家用电磁炉煤气灶专用炒菜锅不沾锅平底锅,爱仕达厨具旗舰店,169.00,700+人付款
煎鸡蛋汉堡机不粘小平底家用煎锅早餐蛋堡煎饼锅四孔煎蛋神器2297,苏宁易购官方旗舰店,24.65,3000+人付款
麦饭石不粘锅平底锅家用不沾牛排煎锅炒菜锅电磁炉燃气灶专用920Y,苏宁易购官方旗舰店,24.00,2000+人付款
九阳不粘锅炒锅家用电磁炉专用燃气灶煤气灶适用炒菜锅锅具平底锅,九阳厨具旗舰店,169.00,1000+人付款
【重磅新品】九阳耐磨不粘锅炒锅抗菌炒菜家用燃气灶电磁炉专用,九阳厨具旗舰店,189.00,900+人付款
九阳轻奢派炒锅家用平底锅不粘锅煤燃气灶电磁炉通用炒锅29cm,天猫超市,299.00,800+人付款
星知鹭不粘锅炒锅家用炒菜铁锅电磁炉专用平底锅煤气燃气通用锅具,星知鹭旗舰店,19.90,700+人付款
九铸铁锅牛排煎锅专用条纹煎牛排锅无涂层家用小电磁炉平底不粘锅,九铸旗舰店,88.00,700+人付款
康巴赫官方旗舰不粘锅第六代炒锅316不锈钢电磁炉家用炒菜锅五代,wzc512618,355.00,700+人付款
MR.ONE麦饭石不粘锅炒锅家用平底炒菜锅无油烟燃气灶电磁炉专用,壹号先生旗舰店,228.00,700+人付款
川岛屋泼油热油小锅迷你铸铁煎锅不粘锅煎蛋饺神器淋油专用小铁锅,川岛屋旗舰店,25.80,700+人付款
卡罗特不粘锅平底锅班戟锅烘焙煎锅千层饼蛋糕皮煎蛋早餐锅煎饼锅,carote卡罗特官方旗舰店,65.00,700+人付款
铸铁锅蛋饺神器煎鸡蛋不粘锅平底煎锅家用早餐荷包蛋四孔煎蛋汉堡,九铸旗舰店,88.00,700+人付款
商用凹面电磁炉专用锅酒店炒菜锅双耳不锈钢40cm50cm电磁灶铁锅,商厨自营,55.00,700+人付款
树可不锈钢泼油小锅小油锅铁锅迷你炸烧浇长柄勺炝油淋油热油健康,树可旗舰店,49.00,700+人付款
家用老式生铁锅电磁炉燃气灶适用铸铁炒锅无涂层炒菜锅不粘平底锅,杯水关怀,19.90,700+人付款
神田钛合金炒锅 0涂层家用钛锅炒菜锅,kanda神田旗舰店,849.00,700+人付款
章丘老式铁锅无涂层炒菜锅官方旗舰手工锻打铁锅家用不粘锅电磁炉,gafuhome旗舰店,29.97,700+人付款
传统老式手工纯正生铁锅炒锅无涂层不粘锅农村家用煤气灶炒菜锅具,刘梦璋32,29.90,700+人付款
康巴赫老式铁锅家用无涂层电磁炉燃气灶专用炒锅防锈炒菜锅精铁锅,康巴赫官方旗舰店,129.00,700+人付款
王源吉油泼面热油小锅泼油煎蛋锅迷你铸铁锅熟油淋油神器平底铁锅,王源吉旗舰店,19.90,700+人付款
韩国麦饭石炒锅不粘锅原装进口正品Kitchen art家用炒菜锅麦石锅,ioo宝贝ooo,85.00,700+人付款
加厚煎饼锅双耳铸铁平底锅无涂层鏊子手抓饼生铁家用烙饼锅不粘锅,和迎松,36.90,700+人付款
德马克白月光不粘锅珐琅炒锅平底电磁炉炒菜锅家用dumik鹅卵石锅,dumik中科德马克旗舰店,338.00,700+人付款
实木章丘铁锅炒菜锅锅把手铁锅锅把手柄锅柄炒锅把手手柄配件包邮,玉环县沙仑塑胶厂,12.80,700+人付款
DeBohren抗菌316不锈钢炒锅不粘锅平底家用无涂层燃气电磁炉炒菜,debohren旗舰店,348.00,700+人付款
老式熟铁双耳铁锅商用饭店厨师专用炒锅酒店炒菜锅家用双耳锅燃气,广花厨具,56.00,700+人付款
炊大皇铸铁炒锅防锈铸铁锅无涂层生铁炒菜锅燃气灶电磁炉通用,炊大皇官方旗舰店,179.00,600+人付款
迷你小铁锅家用无涂层炒锅电磁炉平底炒菜锅一人食不粘锅轻巧露营,天天特卖工厂店,29.00,600+人付款
直播间特价外贸尾货捡漏微瑕不粘锅汤锅炒锅煎锅奶锅辅食锅平底锅,爱尚灬百货,9.00,600+人付款
老式双耳铸铁锅小号炒锅家用生铁锅圆底无涂层不粘锅燃气炒菜锅具,刘梦璋32,29.90,600+人付款
德国316不锈钢炒锅家用炒菜不粘锅平底电磁炉燃气灶适用不沾锅具,天天特卖工厂店,98.00,600+人付款
炒锅不粘锅家用炒菜锅小铁锅平底锅电磁炉不沾锅具燃气专用煤气灶,健爵旗舰店,44.90,800+人付款
炊大皇拾味无涂层精铁炒锅30/32/34cm老式铁锅爆炒炒菜锅不挑灶,天猫超市,89.00,600+人付款
苏泊尔家用早餐锅煎鸡蛋四孔汉堡机平底锅不粘锅煎蛋神器小煎饼锅,苏泊尔沃摩专卖店,119.00,600+人付款
新品北鼎26cm不粘平底煎锅家用煎蛋牛排炸锅炒锅电磁炉燃气灶专用,buydeem北鼎官方旗舰店,739.00,600+人付款
麦饭石不粘炒锅家用电磁炉八角锅平底炒菜锅燃气灶煤气灶专用锅具,银爵旗舰店,46.00,600+人付款
康巴赫蜂窝不粘锅家用304不锈钢炒锅电磁炉燃气灶通用锅具炒菜锅,康巴赫官方旗舰店,669.00,600+人付款
中福双耳铁锅炒菜锅家用铸铁锅炒锅无涂层老式生铁陆川铁锅旗舰店,中福厨具旗舰店,199.00,600+人付款
苏泊尔麦饭石不粘锅家用炒锅电磁炉平底炒菜锅专用不沾煎锅燃气灶,活宝_漫步,129.00,200+人付款
微瑕日本熟铁锅 旋压锻造炒锅 无涂层不粘锅老式家用燃气灶炒菜锅,tb694582275654,75.10,200+人付款
知吾煮电磁炉锅专用平底不粘锅炒锅家用炒菜燃气灶煤气灶不锈钢厚,知吾煮旗舰店,189.00,100+人付款
平底锅不粘锅家用炒锅加深煎锅炒菜锅煤气灶适用电磁炉燃气灶专用,yyfhwx,179.00,600+人付款
厨时代 铸铁煎饼锅平底烙饼锅铁板鏊子燃气灶家用摊煎饼果子工具,厨时代旗舰店,31.90,600+人付款
苏泊尔平底锅不粘锅家用麦饭石牛排煎锅不沾炒锅电磁炉煤气灶专用,苏泊尔青凰专卖店,179.00,600+人付款
德国耐磨王麦饭石不粘锅家用炒锅平底炒菜锅不沾电磁炉燃气灶专用,kiwicoo旗舰店,168.00,600+人付款
铁木真铁锅炒锅已开锅老式炒菜锅轻便家用平底电磁炉燃气灶不粘锅,铁木真旗舰店,99.00,600+人付款
316不锈钢炒锅蜂窝不粘锅家用炒锅电磁炉专用燃气灶炒菜锅平底锅,梦创旗舰店,43.00,600+人付款
kreex煎鸡蛋汉堡机家用早餐四孔煎蛋不粘锅平底小煎饼锅煎蛋神器,kreex旗舰店,99.00,600+人付款
九阳耐磨王不粘锅炒锅平底锅家用炒菜锅电磁炉燃气灶专用官方正品,九阳官方旗舰店,214.90,600+人付款
苏泊尔不粘锅家用平底锅炒菜锅电磁炉锅专用不沾煎炒锅燃气灶适用,天猫超市,179.00,600+人付款
蓝钻不粘锅中式炒锅加深锅体30cm能煎能炒多功能电磁炉煤气灶通用,虎哥来了1986,189.00,600+人付款
章丘手工铁锅官方旗舰老式家用炒锅燃气灶适用不粘锅无涂层炒菜锅,花生将旗舰店,129.00,600+人付款
万能锅把手手柄配件防烫可拆卸苏泊尔炒锅美的用炒菜锅把手把通用,百乐嘉商贸,13.88,600+人付款
煎鸡蛋汉堡机不粘小平底家用煎锅早餐蛋堡煎饼锅模具四孔煎蛋神器,梦创旗舰店,19.90,600+人付款
BESCO煎蛋神器模具鸡蛋汉堡锅不粘锅肉蛋堡锅四孔早餐锅小煎饼锅,besco旗舰店,64.00,600+人付款
传统老式铁锅家用无涂层电磁炉炒锅不粘锅燃煤气灶平底铁锅煎锅,沂蒙铁匠旗舰店,169.00,600+人付款
不粘锅家用炒锅304不锈钢蜂窝不粘炒菜锅平底电磁炉燃气灶通用356,苏宁易购官方旗舰店,58.00,2000+人付款
铁锅炒锅不粘锅无涂层煤气灶专用饭店商用纯章丘老式大炒菜锅2297,苏宁易购官方旗舰店,28.71,2000+人付款
老式手工铸铁锅家用双耳大炒菜锅电磁炉无涂层不粘锅生铁平底煎锅,凌巧旗舰店,169.00,600+人付款
卡罗特平底锅家用麦饭石不粘锅炒锅炒菜锅牛排煎锅电磁炉燃气适用,carote卡罗特官方旗舰店,65.00,600+人付款
炊大皇炒锅不粘锅家用平底锅电磁炉燃气灶专用煤气灶适用炒菜锅具,炊大皇多诺专卖店,69.00,600+人付款
炊大皇无油烟锅不粘锅炒锅34CM燃气灶电磁炉适用家用炒菜锅不沾锅,天猫超市,139.90,600+人付款
煎锅加厚铸铁锅家用不粘锅无涂层小迷你煎饼烙饼平底锅电磁炉专用,九铸旗舰店,88.00,600+人付款
福临莱手工铁锅老式圆底电磁炉锅家用炒菜锅不粘锅无涂层熟铁炒锅,福临莱旗舰店,136.00,500+人付款
316不锈钢蜂窝不粘锅家用炒锅煎煮炒菜一体式电磁煤气灶专用平底,五都汇旗舰店,118.00,500+人付款
麦饭石平底不粘锅家用牛排煎锅小煎蛋煎饼锅油炸电磁炉煤气灶专用,梦创旗舰店,34.90,600+人付款
梁氏父子双耳生铁锅老式圆底大铁锅加深家用加厚无涂层铸铁炒锅,tb_9053160,299.00,500+人付款
章丘铁锅炒菜锅锅把手实木原装铁锅锅把手柄锅柄炒锅把手手柄配件,tb828825231,7.99,500+人付款
苏泊尔平底锅不粘锅家用小煎锅煎蛋饼牛排煎锅电磁炉燃气灶通适用,zxbahfy,75.00,500+人付款
德国红点不锈钢炒锅不粘锅家用平底炒菜锅无油烟电磁炉燃气灶通用,kiwicoo旗舰店,168.00,500+人付款
苏泊尔316不锈钢不粘锅家用炒锅蜂窝平底炒菜锅电磁炉燃气灶通用,苏泊尔美果专卖店,319.00,500+人付款
苏泊尔不粘锅家用炒锅燃气煤气灶适用电磁炉专用锅麦饭石色炒菜锅,苏泊尔炊具旗舰店,299.00,500+人付款
苏泊尔不粘锅炒锅家用不沾锅炒菜锅煤气燃气灶明火电磁炉用,天猫超市,149.00,500+人付款
麦饭石不粘锅炒锅家用电磁炉煤气灶专用燃气适用平底无油烟炒菜锅,洁琼旗舰店,59.00,500+人付款
爱仕达大铁锅家用平底炒菜锅明火专用燃煤气灶适用无涂层精铁炒锅,爱仕达I源专卖店,109.00,500+人付款
PAE麦饭石不粘锅平底锅家用炒菜牛排煎锅煎蛋锅宝宝辅食锅小炒锅,pae旗舰店,59.00,500+人付款
苏泊尔不粘锅炒锅家用麦饭石炒菜锅电磁炉燃气灶煤气灶适专用平底,苏泊尔厨美居专卖店,179.00,500+人付款
炒锅章丘铁锅炒菜锅家用老式平底无涂层不粘锅电磁炉燃气灶专用,zmslbz,56.00,600+人付款
出口日本品质铁煎锅平底锅22/26cm生铁锅牛排锅铸铁锅不粘锅家用,信誉第一假一赔十2010,58.00,500+人付款
荣事达316不锈钢炒锅不粘锅无涂层平底锅家用燃煤气灶电磁炉适用,松鼠品质厨具店,99.90,600+人付款
传统农村大铁锅商用特大号老式铸铁锅家用无涂层柴火加厚生铁锅,happybearandzhu,68.00,500+人付款
sowe麦饭石不粘锅小炒锅家用炒菜锅平底无油烟不沾煎炒电磁炉专用,sowe素味旗舰店,139.00,500+人付款
苏泊尔麦饭石不粘锅家用炒锅电磁炉平底炒菜锅专用不沾煎锅燃气灶,活宝_漫步,129.00,200+人付款
微瑕日本熟铁锅 旋压锻造炒锅 无涂层不粘锅老式家用燃气灶炒菜锅,tb694582275654,75.10,200+人付款
张小泉精铁锅炒菜锅家用无涂层老式不粘锅电磁炉大炒锅燃气灶专用,张小泉官方旗舰店,79.00,2000+人付款
堡迪斯麦饭石不粘锅炒锅专用炒菜锅电磁炉平底锅家用燃气灶适用,堡迪斯旗舰店,388.00,500+人付款
不粘锅平底轻铁锅炒锅生铁铸铁锅家用炒菜锅无涂层陆川铁锅免开锅,陆川釜皇铁锅,158.00,500+人付款
苏泊尔不粘锅炒锅家用多功能炒菜锅平底锅具燃气电磁炉适用少油烟,2008的可乐鸡翅,209.00,500+人付款
不粘锅炒锅麦饭石家用平底深煎炒菜锅电磁炉燃气灶专用陶瓷小炒锅,tmai旗舰店,89.00,500+人付款
爱仕达炒锅不粘锅炒菜锅麦饭石色煎锅平底锅家用锅电磁炉燃气通用,天猫超市,139.00,500+人付款
康巴赫旗舰店官方第五代六代不粘锅抗菌不锈钢蜂窝炒锅家用炒菜锅,美女无敌83,215.00,500+人付款
麦饭石不粘锅家用炒锅八角炒菜锅煎蛋不沾平底锅电磁炉燃气灶专用,gianxi旗舰店,58.00,500+人付款
德国麦饭石不粘锅炒锅家用炒菜锅平底锅电磁炉适用锅具燃气灶专用,米舍家居旗舰店,349.00,500+人付款
【重磅首发】爱仕达聚油不粘锅炒锅电磁炉煤气灶家用炒菜锅平底锅,爱仕达厨具旗舰店,189.00,500+人付款
火山岩麦饭石不粘锅家用小炒锅电磁炉专用炒菜锅燃气灶平底煎锅,obd欧伯德旗舰店,98.00,500+人付款
PAE铁锅传统炒菜锅老式炒锅家用不粘锅无涂层熟铁锅燃气灶电磁炉,pae旗舰店,89.00,500+人付款
苏泊尔不粘锅炒锅家用麦饭石色电磁炉煤气灶专用锅不沾平底炒菜锅,supor苏泊尔至梵专卖店,279.00,600+人付款
德国进口麦饭石SSGP不粘锅微压锅炒锅官方旗舰店家用电磁炉炒菜锅,ssgp叁肆钢旗舰店,248.00,500+人付款
【重磅首发】康巴赫钛盾无涂层不粘炒锅钛锅家用不粘锅合金炒菜锅,康巴赫官方旗舰店,679.00,600+人付款
章丘炒菜锅传统铁锅官方旗舰老式炒锅家用不粘锅无涂层燃气灶适用,梦创旗舰店,109.00,500+人付款
XMAN+ 出口外贸迷你小煎锅平底铁锅煎蛋锅蛋饺锅小号不粘锅热油锅,极炫小满,12.90,500+人付款
老李章丘平底锅无涂层铁锅不粘家用煎饼牛排平底煎锅烙饼煎鸡蛋燃,阿林小凯,239.00,500+人付款
红厨陶瓷岩白陶锅不粘锅家用炒菜非麦饭石/无涂层电磁炉专用平底,红厨厨具旗舰店,349.00,500+人付款
铁锅平底小炒锅家用炒菜锅老式煤气灶适用电磁炉专用无涂层不粘锅,味之享旗舰店,39.80,200+人付款
九阳聚油不粘锅炒锅家用麦饭石色炒菜锅平底锅官方旗舰店正品,九阳官方旗舰店,109.90,400+人付款
卡罗特不粘锅炒锅家用平底锅麦饭石电磁炉专用燃气灶不沾锅炒菜锅,carote卡罗特官方旗舰店,153.00,400+人付款
苏泊尔不粘锅炒锅家用麦饭石炒菜锅煎蛋锅平底锅电磁炉燃气灶通用,苏泊尔官方旗舰店,229.00,400+人付款
德国316不锈钢平底锅无涂层煎锅家用小号不粘锅电磁炉专用炒菜锅,sapa99,68.00,400+人付款
苏泊尔炒锅铁锅家用炒菜无涂层铸铁生铁电磁炉燃气通用30/32/34cm,苏泊尔outlet店,109.00,500+人付款
铸铁平底锅不沾锅无涂层牛排煎锅烙饼锅燃气灶适用铁锅老式煎饼锅,厨时代旗舰店,35.90,400+人付款
摩登主妇煎蛋锅不粘平底锅家用煎锅煎饼锅鸡蛋汉堡早餐锅煎蛋神器,摩登主妇旗舰店,49.00,400+人付款
陶瓷小炒锅无涂层一人2人单人电磁炉专用家用平底搪瓷炒菜不粘锅,yokaco旗舰店,78.00,400+人付款
七孔煎蛋锅商用不粘锅煎荷包蛋神器电磁炉专用燃气蛋饺煎饼锅Y920,苏宁易购官方旗舰店,69.00,1000+人付款
无涂层小铁锅家用迷你炒锅不粘锅平底炒菜锅一人食电磁炉专用920Y,苏宁易购官方旗舰店,69.00,1000+人付款
日本riverlight原装进口极牌铁锅无涂层家用炒菜铁锅元祖炒锅32cm,riverlight旗舰店,1099.00,400+人付款
麦饭石不粘锅八角锅炒锅家用无烟平底锅炒菜电磁炉燃气煤气灶专用,歌洛尼家居旗舰店,259.00,400+人付款
康巴赫官方旗舰款双面屏316L不锈钢防粘蜂窝炒锅电磁炉燃气灶通用,天猫超市,498.00,500+人付款
德国双立人Now Plus不粘锅炒菜锅家用不粘平底锅煎锅电磁炉油炸锅,双立人官方旗舰店,348.00,400+人付款
中福电磁炉铁锅炒锅氮化铸铁炒菜无涂层生铁家用燃气灶陆川平底锅,中福厨具旗舰店,269.00,400+人付款
康巴赫家用炒锅麦饭石色不粘锅电磁炉燃气灶专用炒菜锅平底不沾锅,kbh康巴赫佰斯凯光专卖店,439.00,400+人付款
红厨陶瓷岩炒锅非麦饭石电磁炉专用牛排煎锅家用不粘锅平底锅加深,redchef旗舰店,349.00,400+人付款
爱仕达煎鸡蛋汉堡机平底锅家用不粘锅四孔早餐锅煎蛋神器小煎饼锅,爱仕达厨具旗舰店,109.00,400+人付款
网易严选不粘锅炒锅家用平底煎锅炒菜锅欧式多用电磁炉燃气灶专用,网易严选旗舰店,59.00,400+人付款
凹型凹面电磁炉专用圆底锅316不锈钢不粘锅家用煤气灶尖底炒菜锅,梵皓旗舰店,199.00,400+人付款
不粘锅家用炒锅不锈钢无涂层炒菜锅316手工锻打锤纹锅电磁炉通用,捷益斯厨具旗舰店,188.00,500+人付款
【低价专场】velosan鹅卵石不粘锅炒锅家用电磁炉燃气灶通用,velosan旗舰店,599.00,400+人付款
苏泊尔麦饭石不粘锅家用炒锅电磁炉平底炒菜锅专用不沾煎锅燃气灶,活宝_漫步,129.00,200+人付款
微瑕日本熟铁锅 旋压锻造炒锅 无涂层不粘锅老式家用燃气灶炒菜锅,tb694582275654,75.10,200+人付款
知吾煮电磁炉锅专用平底不粘锅炒锅家用炒菜燃气灶煤气灶不锈钢厚,知吾煮旗舰店,189.00,100+人付款
鸡蛋汉堡锅家用平底锅不粘锅小煎饼锅四孔煎锅早餐蛋堡锅煎蛋神器,梦创旗舰店,16.90,500+人付款
悦味不粘锅炒锅家用煎锅鸟嘴平底锅炒菜锅电磁炉锅具燃气灶专用,悦味旗舰店,259.00,500+人付款
华邦大炒锅铁锅双耳尖底锅铸铁老式炒菜锅无涂层不粘锅燃气圆底锅,华邦厨具旗舰店,116.00,400+人付款
德国麦饭石不粘锅平底锅牛排煎蛋炒锅不沾家用电磁炉燃气灶煎饼锅,cookerbene旗舰店,108.00,400+人付款
康巴赫旗舰店官方旗舰店第五代六不粘锅抗菌不锈钢蜂窝炒锅炒菜锅,cmk98,329.00,400+人付款
优琥不粘锅炒锅家用炒菜铁锅电磁炉专用平底锅煤气灶燃气通用锅具,优琥旗舰店,29.90,400+人付款
德国WMF不粘锅煎炒锅平底锅煎蛋家用炒菜锅不沾电磁炉专用燃气灶,wmf旗舰店,419.00,400+人付款
Geego热油小锅316不锈钢迷你烧油浇油锅炝油淋油专用神器泼油锅,geego旗舰店,29.90,400+人付款
苏泊尔平底锅不粘锅家用煎饼锅牛排煎蛋锅燃气灶电磁炉通用煎锅具,supor苏泊尔步鼎专卖店,105.00,400+人付款
日式玉子烧方形不粘锅厚蛋烧麦饭石小炒锅煎蛋神器家用煎锅平底锅,味之享旗舰店,39.90,200+人付款
Jeetee麦饭石平底锅不粘锅牛排煎锅煎蛋锅煎饼锅电磁炉燃气灶通用,jeetee吉特旗舰店,99.00,400+人付款
炊大皇炒锅无烟不粘锅家用无油烟不沾平底锅电磁炉燃气灶通用34cm,光明电器生活馆,99.00,400+人付款
钻菲乐316不锈钢锅家用炒菜锅不粘锅炒锅家用平底锅燃气灶电磁炉,钻菲乐旗舰店,189.00,400+人付款
康巴赫官方旗舰店蜂窝不粘锅平底炒锅不锈钢炒菜锅燃气灶通用家用,康巴赫电器旗舰店,609.00,400+人付款
康巴赫不粘锅家用麦饭石全套电磁炉炒锅厨房三件套多功能锅具套装,康巴赫聚客专卖店,609.00,400+人付款
九阳不粘锅炒锅家用不沾锅炒菜锅电磁炉专用煤气燃气灶适用平底锅,九阳官方旗舰店,89.00,400+人付款
铁木真小铁锅平底锅炒锅一人食家用炒菜燃气灶电磁炉不粘锅已开锅,铁木真旗舰店,89.00,400+人付款
爱仕达炒锅不粘锅家用陶瓷炒菜锅平底锅不粘锅电磁炉燃气灶专用锅,爱仕达旭美专卖店,139.00,400+人付款
苏泊尔不粘锅炒锅家用有钛无涂层炒菜锅电磁炉燃气灶专用有钛锅,supor苏泊尔步鼎专卖店,739.00,400+人付款
九阳平底锅不粘锅家用煎锅煎蛋神器煎饼锅燃气灶煤气灶电磁炉通用,九阳官方旗舰店,64.90,400+人付款
苏泊尔平底锅不粘锅家用煎锅煎饼锅婴儿辅食早餐煎蛋神器热油小锅,苏泊尔至梵母婴店,89.00,400+人付款
新品木柄铸铁平底锅家用煎锅无涂层不粘生铁锅牛排烙饼锅燃气通用,oo小幸福,29.90,400+人付款
德国SSGP不粘锅平底锅家用麦饭石炒菜燃气电磁炉专用炒锅深煎锅,ssgp叁肆钢旗舰店,108.00,400+人付款
【好用轻便炒锅】日式炒锅28cm不粘锅家用电磁炉燃气灶通用煎炒,hhb315614,49.99,400+人付款
三孔通用炒锅手柄防烫锅把手锅柄把子炒菜锅把手铁锅马勺锅子双孔,全棉棉布,9.90,400+人付款
炊大皇不沾平底锅不粘锅牛排煎锅小炒锅电磁炉通用煎蛋煎锅26cm,天猫超市,69.90,400+人付款
狄梦莱老铁锅家用老式炒菜锅轻便专用款无涂层不粘锅圆底氮化铁锅,t_1682664052151_097,178.00,400+人付款
双枪小铁锅家用无涂层迷你电磁炉炒菜锅不粘锅一人食宝宝辅食炒锅,suncha双枪旗舰店,99.00,400+人付款
麦饭石不粘锅家用炒锅小号平底炒菜锅一人两人用电磁炉煤气灶专用,酷邻旗舰店,46.00,400+人付款
章丘平底锅纯铁锅无涂层不易粘牛排深煎锅小烙饼炒菜家用煎蛋辅食,潘许一,199.00,400+人付款
赫巴兹316不锈钢不粘锅炒锅家用适用燃气灶电磁炉专用不沾炒菜锅,赫巴兹旗舰店,456.00,400+人付款
teatime德国316不锈钢不粘锅炒锅少油烟锅电磁炉燃气灶家用炒菜锅,teatime旗舰店,118.00,400+人付款
Droolu陆博士日本极铁锅不粘锅家用炒菜锅女士超轻无涂层小烧菜锅,droolu旗舰店,359.00,400+人付款
双耳铁锅老式铁锅家用传统炒菜锅圆底大铁锅柴火灶炒锅加厚无涂层,厨壹力旗舰店,88.00,400+人付款
sowe素味麦饭石炒锅家用24cm电磁炉燃气专用炒菜锅平底不粘锅,sowe素味旗舰店,108.00,400+人付款
日本天然陶瓷锅平底锅煎锅家用不沾小漩涡聚油炒菜锅无涂层不粘锅,小资派轻奢优选铺,308.00,400+人付款
Droolu日式铁锅家用炒锅超轻便无涂层不粘锅电磁炉燃气灶适用,天猫超市,519.00,400+人付款
老式铸生铁锅电磁炉炒锅专用不粘锅家用炒菜锅无涂层章丘铁锅煎锅,tbruoheng,38.80,400+人付款
泼油小锅油泼面热油迷你铸铁锅煎蛋锅烧油炝油淋油熟油神器小铁锅,海润家居专营店,10.88,400+人付款
泼油热油小锅煎蛋神器蛋饺专用迷你熟油锅铸铁炝淋烧油小铁锅Y920,苏宁易购官方旗舰店,6.90,1000+人付款
荣事达麦饭石平底锅不粘锅家用牛排煎锅炒菜锅电磁炉燃气专用1415,苏宁易购官方旗舰店,79.00,1000+人付款
苏泊尔麦饭石不粘锅家用炒锅电磁炉平底炒菜锅专用不沾煎锅燃气灶,活宝_漫步,129.00,200+人付款
微瑕日本熟铁锅 旋压锻造炒锅 无涂层不粘锅老式家用燃气灶炒菜锅,tb694582275654,75.10,200+人付款
知吾煮电磁炉锅专用平底不粘锅炒锅家用炒菜燃气灶煤气灶不锈钢厚,知吾煮旗舰店,189.00,100+人付款
Cookmage麦饭石炒菜锅家用不粘锅电磁炉燃气灶适用平底锅煎锅专用,cookmage旗舰店,169.00,400+人付款
日式迷你小铁锅不粘锅家用炒锅无涂层电磁炉燃气一人食平底炒菜锅,金喜源旗舰店,59.00,400+人付款
蜂窝不粘锅不沾炒锅家用平底炒菜锅无涂层铁锅电磁炉燃气灶专用,纪梵保罗旗舰店,29.00,300+人付款
Lodge洛极 美国进口平底锅铸铁锅不易粘煎锅26cm无涂层炒锅L8SK3,lodge海外旗舰店,278.00,300+人付款
陶瓷炒锅家用不粘锅燃气灶电磁炉专用不沾无油烟平底麦饭石炒菜锅,伊之福旗舰店,159.00,300+人付款
麦饭石不粘锅炒锅家用八角不沾平底锅电磁炉专用炒菜锅燃气灶适用,盛意家旗舰店,89.00,300+人付款
苏泊尔不粘锅家用炒锅316L不锈钢蜂窝平底炒菜锅电磁炉燃气灶通用,苏泊尔载亿专卖店,319.00,400+人付款
直播间10号特价外贸尾货孤品不粘汤锅炒锅煎锅奶锅辅食锅进口涂层,无限可能198508216512,29.00,300+人付款
316不锈钢炒锅家用大号圆底炒菜锅燃气凹面电磁炉专用双耳不粘锅,304生活馆,145.00,300+人付款
铸铁煎蛋锅泼油热油小锅煎蛋神器专用小煎锅煎鸡蛋荷包蛋铁锅家用,彪龙厨具旗舰店,29.90,300+人付款
爱仕达魔法石有钛不粘锅麦饭石色炒锅无油烟家用燃气电磁炉平底锅,爱仕达厨具旗舰店,699.00,300+人付款
Faber不粘锅Faber不粘煎锅Faber辅食煎锅麦饭石炒锅煎炒锅电磁炉,tb6657013061,89.00,300+人付款
出口日本订单！麦饭石不粘锅家用迷你小锅易清洗平底小炒锅带蒸笼,洁达康旗舰店,42.90,400+人付款
苏泊尔炒锅不粘锅家用煤燃气灶专用全套炒菜锅锅具套装汤锅平底锅,苏泊尔青凰专卖店,209.00,400+人付款
无涂层精铁锅深氮化防锈家用炒菜锅老式平底炒锅不粘锅燃气灶专用,velosan旗舰店,399.00,300+人付款
麦饭石平底锅不粘锅煎烙饼牛排千层煎锅家用电磁燃气炉煎蛋炒菜锅,幸福之家661314,9.90,300+人付款
不锈钢炒锅蜂窝不粘锅家用平底炒菜锅电磁炉煤气灶专用燃气灶适用,洁琼旗舰店,69.00,300+人付款
四川宏江江油传统生铁炒菜锅无涂层铁锅家用炒锅不粘锅铸铁龟纹锅,宏江旗舰店,298.00,300+人付款
德国WMF不锈钢炒锅无涂层炒菜锅平底锅家用炒菜煎炒电磁炉燃气灶,wmf旗舰店,489.00,300+人付款
爱仕达铸铁锅家用炒锅无涂层炒菜锅电磁炉燃气灶通用平底锅,爱仕达厨具旗舰店,229.00,300+人付款
苏泊尔不粘锅家用炒锅黑色升级无油烟电磁炉通用煤气燃气灶炒菜锅,2008的可乐鸡翅,219.00,300+人付款
麦饭石不粘锅炒锅家用电磁炉燃气灶专用多功能微压一体不沾炒菜锅,爱仕达实体店,248.00,300+人付款
九铸铁锅加深老式圆底双耳大炒菜锅无涂层炒锅家用生铁煤气灶专用,九铸旗舰店,128.00,300+人付款
苏泊尔不粘锅炒锅家用炒菜锅电磁炉煎煮炒一体不沾专用,苏泊尔优杰特专卖店,249.00,300+人付款
炊大皇炒锅不粘锅无油烟炒菜锅燃气电磁炉无烟锅不沾锅32cm家用,炊大皇官方旗舰店,129.00,300+人付款
荣事达钛金不粘锅炒锅家用炒菜锅少油烟电磁炉燃气通用不沾锅钛锅,荣事达厨具旗舰店,139.00,400+人付款
麦饭石平底不粘锅家用牛排煎锅煎蛋神器煎饼油炸煤气灶电磁炉专用,天天特卖工厂店,48.00,300+人付款
麦饭石锅不粘锅炒锅家用炒菜燃气灶适用韩国平底麦石饭不沾麦石锅,诺贝迪旗舰店,88.00,300+人付款
凹型凹面电磁炉专用圆底锅316不锈钢不粘锅家用煤气灶尖底炒菜锅,tb572864473,98.00,300+人付款
章丘小铁锅纯手工锻打迷你老式铁锅家用无涂层煎蛋不粘圆底小炒锅,tb3400205781,58.00,300+人付款
苏泊尔不粘锅电磁炉燃气灶多功能炒菜锅无油烟家用炒锅聚油平底锅,苏泊尔沃克尔专卖店,169.00,300+人付款
凹面商用电磁炉专用锅酒店炒菜锅50CM60CM电磁灶双耳不锈钢炒铁锅,xyybzwlp123,58.00,400+人付款
德国不粘锅家用炒菜无涂层平底316不锈钢炒锅电磁炉专用镬食品级,中山杰特电器,318.00,300+人付款
不锈钢深煎锅煎炒两用不粘平底锅不粘锅燃气灶适用家用煎蛋煎饼锅,迈赫德旗舰店,169.00,300+人付款
懒米铃铛炒锅麦饭石不粘锅家用多功能一体式平底电磁炉专用炒菜锅,懒米旗舰店,310.00,300+人付款
耐磨王不粘锅炒锅家用麦饭石炒菜锅无油烟锅平底电磁炉燃气灶专用,伊之福旗舰店,248.00,300+人付款
日式迷你小铁锅家用炒锅不粘锅无涂层平底炒菜锅一人食电磁炉适用,安利那旗舰店,49.00,300+人付款
炊大皇铁锅炒锅不粘锅无涂层炒菜锅家用铸铁平底电磁炉煤气灶专用,炊大皇炊之王专卖店,149.00,300+人付款
苏泊尔八角锅不粘锅家用煎炒锅炒菜不沾平底炖煮煤气灶电磁炉专用,苏泊尔武百专卖店,339.00,300+人付款
爱仕达炒锅不粘锅家用麦饭石炒菜锅平底电磁炉燃气灶煤气灶适专用,爱仕达I源专卖店,159.00,300+人付款
电磁炉炒锅家用熟铁锅炒菜锅燃气灶适用老式不粘锅轻无涂层平底锅,老两口旗舰店,88.00,300+人付款
苏泊尔麦饭石不粘锅家用炒锅电磁炉平底炒菜锅专用不沾煎锅燃气灶,活宝_漫步,129.00,200+人付款
微瑕日本熟铁锅 旋压锻造炒锅 无涂层不粘锅老式家用燃气灶炒菜锅,tb694582275654,75.10,200+人付款
知吾煮电磁炉锅专用平底不粘锅炒锅家用炒菜燃气灶煤气灶不锈钢厚,知吾煮旗舰店,189.00,100+人付款
四孔煎蛋神器不粘锅煎鸡蛋汉堡锅家用小煎饼锅早餐锅荷包蛋煎蛋锅,obd欧伯德旗舰店,58.00,300+人付款
树可小熊铁锅炒锅不粘锅家用炒菜锅无涂层平底燃气灶电磁炉官方,树可旗舰店,149.00,300+人付款
氮化铁锅二代无涂层窒熟铁商用老式铁锅家用炒菜防锈燃气圆底炒锅,百家户外烤具批发零售,78.85,300+人付款
德国stoneline进口麦饭石不粘锅炒锅家用炒菜锅平底锅电磁炉专用,stoneline厨具旗舰店,618.00,300+人付款
正品章丘手工铁锅纯正家用炒菜锅官方旗舰店老式炒锅不粘锅无涂层,万盛章丘铁锅工厂店,299.00,300+人付款
悦味陶土不粘锅平底锅煎锅煎蛋锅煎饼炒锅家用炒菜燃气电磁炉专用,悦味旗舰店,199.00,300+人付款
西纹煎饼锅煎蛋神器平底锅不粘锅多功能电磁炉家用早餐锅荷包蛋饺,楷潮1599,24.90,300+人付款
木柄平底煎锅烙饼锅家用平底锅铸铁煎饼锅鏊子摊煎饼果子工具不粘,厨时代旗舰店,45.00,300+人付款
苏泊尔不锈钢平底锅家用火红点聚油不粘锅牛排煎锅炒锅电磁炉通用,苏泊尔官方旗舰店,389.00,300+人付款
清仓德国外贸尾单麦饭石炒锅家用平底锅不粘锅煎锅奶锅汤锅炒菜锅,joezhaoxy,45.00,300+人付款
麦饭石不粘锅炒锅家用八角炒菜锅不沾平底锅电磁炉专用燃气灶920Y,苏宁易购官方旗舰店,57.00,1000+人付款
章丘炒菜锅传统铁锅官方旗舰老式炒锅家用不粘锅无涂层燃气灶920Y,苏宁易购官方旗舰店,38.00,1000+人付款
爱仕达不粘锅不锈钢炒锅蜂窝炒菜锅家用电磁炉燃煤气灶专用平底锅,爱仕达厨具旗舰店,239.00,400+人付款
麦饭石不粘泼面热油小铁锅煎蛋饺神器加厚高平底电磁煤气炉煎炒锅,幸福之家661314,18.23,300+人付款
铸彩铸铁炒锅大铁锅双耳老式家用炒菜锅无涂层生铁不粘加深厚炒锅,lintore旗舰店,339.00,300+人付款
平底锅铸铁锅不粘锅生铁老式家用无涂层电磁炉燃气灶加厚烙饼煎锅,九铸旗舰店,108.00,300+人付款
炊大皇不粘锅炒锅家用燃气灶电磁炉通用一体锅麦饭石炒菜锅平底锅,炊大皇官方旗舰店,239.00,300+人付款
苏泊尔不粘锅炒菜锅电磁炉专用煤气灶燃气灶通适用平底锅家用炒锅,苏泊尔outlet店,89.00,300+人付款
德国不粘锅炒锅家用316不锈钢炒菜锅电磁炉煤气灶专用平底锅锅具,洁琼旗舰店,89.00,300+人付款
无涂层铸铁锅牛排锅煎牛排专用锅套装平底锅家用牛扒煎锅铁板煎盘,逸米旗舰店,26.90,300+人付款
可用铁铲麦饭石不粘锅炒锅家用炒菜锅电磁炉专用煤气燃气灶适用,麦卡仕旗舰店,39.00,300+人付款
出口日本平底锅 不内凸 平底煎锅铸铁锅无涂层不粘锅生铁老式家用,信誉第一假一赔十2010,73.00,300+人付款
法国马克西姆不粘锅小炒锅家用平底炒菜电磁炉小型小号多功能不沾,maximsdeparis旗舰店,409.00,300+人付款
张小泉304不锈钢炒锅不粘锅家用蜂窝不粘炒菜锅电磁炉燃气灶通用,张小泉聚焰专卖店,139.00,300+人付款
荣事达316不锈钢炒锅不粘锅电磁炉煤气灶专用家用炒菜锅平底锅具,天天特卖工厂店,119.90,300+人付款
正宗章丘纯手工铁锅黑锅官方旗舰店炒菜锅不粘锅家用老式炒锅锻打,magnoliatian88,218.00,300+人付款
无涂层小铁锅家用迷你不粘锅平底炒菜锅免开锅燃气灶电磁炉通用,天天特卖工厂店,39.80,300+人付款
板和深煎锅铁锅平底锅不粘锅无涂层不生锈家用小烙饼锅燃气灶适用,板和旗舰店,108.00,300+人付款
日式迷你小铁锅家用炒锅不粘锅无涂层平底炒菜锅一人食电磁炉适用,花半岛旗舰店,49.00,300+人付款
日式迷你小炒锅不粘锅家用燃气电磁炉专用炒菜锅无涂层平底小铁锅,旗曼衣橱,19.90,300+人付款
铸铁锅炒菜锅家用炒锅不粘锅电磁炉专用老式生铁锅无涂层平底锅子,旗曼衣橱,19.90,300+人付款
正宗章丘纯手工铁锅黑锅官方旗舰店老式炒菜锅不粘锅家用锻打不锈,康佰士中国,109.00,300+人付款
铁小二铁锅炒菜锅家用双耳圆底不沾锅铸铁锅炒锅无涂层老式生铁锅,铁小二旗舰店,258.00,300+人付款
老式铸铁大号加深炒锅电磁炉双耳铁锅大锅炖锅专用平底炒菜锅家用,巧主妇生活馆灬,98.00,300+人付款
炒锅不粘锅家用电磁炉炒菜锅铁锅平底锅无烟燃气灶专用煤气灶适用,健爵旗舰店,59.90,300+人付款
不锈钢炒锅蜂窝不粘锅电磁炉煤气灶专用家用平底炒菜锅燃气灶适用,demanyi厨具旗舰店,79.00,300+人付款
林熹记铁锅陆川炒菜锅手工老式炒锅家用不粘锅无涂层燃气生铸铁锅,林熹记旗舰店,196.00,300+人付款
爱仕达极铁炒锅轻铁锅家用无涂层炒菜锅平底锅燃煤气灶电磁炉通用,爱仕达厨具旗舰店,309.00,300+人付款
蜂窝不粘锅炒锅家用炒菜锅不沾平底锅具电磁炉专用煤气燃气灶适用,洁琼旗舰店,49.00,300+人付款
正宗章丘纯手工铁锅官方旗舰老式家用炒菜锅不粘锅无涂层正品黑锅,威海野生刺参66,398.00,300+人付款
香港铁锅炒菜锅传统老式炒锅圆底家用不粘锅燃气灶适用熟铁已开锅,顶乐厨旗舰店,119.00,300+人付款
